彼氏|恋愛,4
jobs|pune,1
sea|tropicalwaters,1
nationalzoo|roadtrip,1
f11|fujinon,1
彼氏|彼氏いません,1
lgrw|redwings,1
streetphotography|wideangle,1
facilitiesmgmt|sanantonio,1
watercraft|watersports,1
home|selfie,1
ユネッサン|温泉,1
job|littlerock,1
gay|summer,1
teamtonioarmani|tonioarmanimusic,1
jovens|poiesis,1
businessmgmt|job,1
ok|p3kpagi,1
powderski|snowcat,1
bama2016platinumedition_kenzamorsli|bigapplemusicawardsbestsocialmediastar2016_kenzamorsli,2
canadiancarculture|victimsrights,1
customerservice|job,4
recording|thesix,1
mart|sahil,1
development|enfamil,1
enfamil|infant,1
tdov|trans,1
newtwist|nice,1
mom|motownonmondays,1
hunk|sexy,1
fiorentina|sampdoria,1
evangelicals|reproductiverights,1
intratables|vision7,1
birmingham|hiring,1
padova|turismo,1
producttanker|vlcc,1
rawcl|teampaige,1
latetotheshow|wewantonedirectiondead,1
hollywoodhills|la,1
coolovernightlounge|desnhashtakeover,1
السياسية|الصرخي,1
poster|sesipriboemi,1
job|jobs,20
scenery|wanderer,1
jetski|travel,1
philippines|summerstories,1
10mandamientos|fatmagul,1
جائزة_جدة_للمعلم_المتميز|مبادرة_مجتمعية,1
国会前|安保法案,1
travel|watersports,1
agosgarcia|lepetitcirque,1
hiring|madrid,1
rt|tagsforlikes,1
2xmarcello|blue,1
とりあえずみんなrt|なんやこいつ,1
elevationstudios|gedungptpn,1
columbia|job,1
diva|nikkibella,1
7preguntascon|lafoto,1
amarillo|incdgt,2
instagood|pabebe,1
arete|guerras,1
it|penang,1
dwts|julexis,1
explosion|pasqua,1
beach|friends,1
amarillo|obra,2
ruhhalim|tünel,1
michoacán|méxico,1
cenadepascua|psmla,1
fail|sbbservicescout,1
bw|cool,1
it|job,2
hiring|longbeach,1
badandblonde|totaldivas,1
bestfanarmy|lovatics,3
phetchabun|tori,1
garupan|大洗,1
ezan|namazuykudanhayrdır,1
errejota|nilmatos,1
projectbeyond|tahitivr,1
алматы|продавец,1
khaoslegions|producttanker,1
facecebutravels|surigaodelsur,1
国会前|安保法制廃止,1
easter|pasqua,1
chicago|monochrome,1
glamberts|iheartawards,1
ローカル|平渓線,1
الإمارات_السعودية|معك_يالأبيض,1
archenemy|producttanker,1
job|orlando,1
accountemps|hiring,1
sylloges|wallpaper,1
kelasinspirasi|ki7gili,1
virat|viratvstrolls,1
hiring|orlando,1
classic|newtwist,1
出会い|彼氏,4
कांग्रेस|भाजपा_मुक्त_भारत,1
angel|sp,1
montreal|wow,1
japan|tnf,1
ger|nowplaying,1
covers|desnhashtakeover,1
lovetahiti|tahitivr,1
terrible|ussoccer,1
springbreak|yay,1
selfiesunday|selfishselfie,1
jobs|orlando,1
mindofmine|totallyinlove,1
galle|srilankatrip,1
carshopping|vinny,1
canadiancarculture|stopviolence,1
job|rapidcity,1
illes_balears|obra,2
johnnyhazzard|sexy,1
markforster|nowplaying,1
anytime|revive,1
canon|food,1
hung|hunk,2
lovetahiti|projectbeyond,1
amazing|chef,1
36days_a|36daysoftype,1
vsco|vscobrasil,1
segundafeira|vivalavida,1
dj|njdj,1
antoniopuerta|nervion,1
littleredwagon|wrestlemania,1
김한빈|저스트고,1
raw|wrestlemania,2
bodyisatemple|selfcare,1
instameetups|sbbservicescout,1
ibm|power,1
natura|nature,1
accounting|hiring,3
familyfirst|wearealivesitcom,1
hockey|letsgosharks,1
nimbus|sp,1
はやぶさこまち連結解除|鉄ちゃんに混ざって撮影,1
blue|bully,1
babyemmy|infant,1
desarmaracidade|poiesis,1
thailand|tori,1
travel|watercraft,1
hiring|yokohama,1
sea|tropical,1
incdgt|pk1_5,1
bantayan|santafe,1
batmanvsuperman|yaauuss,1
branding|dj,1
job|legal,1
indonesia|lombok,1
10añosdeamortotal|rankigvale,1
selfie|selfiesunday,1
stopviolence|victimsrights,1
nomenclature|taphophile,1
bw|mtl,1
fakingnews|virat,1
jobs|newroads,1
tropical|whitesands,1
keepfighting|lupus,1
anytime|maui,1
newday|sali,1
salosalut|vidasana,1
praiagrande|riodejaneiro,1
amtrakvets|atlanta,1
roadtrip|washingtondc,1
السعودية|المياه,1
selfie|twittertrailer,1
putusafirst|votetrump,1
the100|the100namtv,1
rt|takibetakip,1
cinema4d|freakymotion,1
istanbul|tatil,1
出会い|彼氏いません,1
cute|repost,1
srilankatravel|srilankatrip,1
easter|naturelover,1
khaoslegions|train,1
moute|vidafeliç,1
beatla|hockey,1
santafe|tropicalwaters,1
cuba|everydaycuba,1
doubletap|like,1
trump2016|veterans,1
tnf|travel,1
hiking|reservoir,1
bodyisatemple|word,1
phetchabun|thaifood,1
fatiga|lajosaland,1
srilanka|srilankatravel,1
sahil|tatil,1
intel|penang,1
mom|springbreak,1
arbonnewarrior|ttuesday,1
jobs|madrid,1
anytime|anywhere,1
hospitality|job,2
hakuba|tnf_gravity,1
blue|bulliesofinstagram,1
database|insights,1
l4l|tichi,1
tnf|tnf_gravity,1
coolovernightlounge|covers,1
easter|primule,1
hakuba|mountain,1
pandechat|sns,1
f11|wideangle,1
hiring|lubbock,1
goodmorning|sali,1
echelon|laughter,1
出会い|恋,4
durango|sinfiltro,1
doubletap|rt,1
galle|srilanka2016,1
johnnyhazzard|machomanmonday,1
localfood|ไก่ย่าง,1
gagnez|jouez,1
billiard|qatar,1
intratables|telenueve,1
cali|la,1
hollywood|hollywoodhills,1
julexis|promotewhatyoulove,1
job|pune,1
amerikandreamin|stickingtothescripttillthesceneswitch,1
jobs|mechanicsburg,1
nature|primule,1
amwriting|intriguingwomen,1
canon|thaifood,1
ibm|systems,1
interpreter|jobs,1
cool|wow,1
pdx|tlop,1
igersistanbul|istanbuldayasam,1
japan|tnfjp,1
backinthebay|beatla,1
c731|pk1_5,1
جدة|مبادرة_مجتمعية,1
job|paloalto,1
selfiesunday|twittertrailer,1
arraialdocabo|riodejaneiro,1
hobbstea|refresh,1
mexicoandando|zirahuén,1
goodmorning|üsküdar,1
dont|matter,1
aesthetics|motivation,1
asc_birthdayboy|got7_asc,1
istanbul|istanbuldayasam,1
familia|family,1
dragrace|streetmeat,1
blackandwhite|selfie,1
tori|ไก่ย่าง,1
train|vlcc,1
accounting|job,3
part2|ubaya,1
arte|pabebe,1
illes_balears|incdgt,2
raw|wrestlemania32,1
canadiancarculture|canadianpride,1
thomassottolematin|twd6enfox,1
c4d|octane,1
彼氏|恋がしたい,1
instadaily|photooftheday,1
errejota|nilphotos,1
directvrealmadrid|futboltotaldirectv,1
rt|selfie,1
roadtrip|springbreak,1
veterans|vetsfortrump,1
5sosfam|bestfanarmy,1
консультант|продавец,1
hobbstea|maui,1
36daysoftype|marioclavasquin,1
phetchabun|ไก่ย่าง,1
job|physician,1
nikkibella|wrestlemania32,1
np|somebodygreat,1
2xmarcello|bulliesofinstagram,1
hyderabad|jobs,1
dj|djlife,1
amd|hiring,1
ma11|pk4_3,1
出会い|恋愛,4
esselatuhayrumminennevm|ezan,1
sali|tatil,1
playoffpush|redwings,1
canont5|rj,1
rawbrooklyn|wrestlemania,2
localfood|phetchabun,1
berlin|webcam,1
cali|hollywood,1
errejota|riodejaneiro,1
power|systems,1
familia|musclebear,1
nervion|sevilla,1
employee|filipino,1
selfie|tagsforlikes,1
canon|ไก่ย่าง,1
jersey|jobs,1
istanbul|tünel,1
libertyisland|newyork,1
letsgosharks|sjsharks,1
instagood|like,1
sahil|songünler,1
الصرخي|الوطنية,1
goodmorning|istanbul,1
wanderlust|watersports,1
philippines|tropical,1
defendants|transfer,1
coachgaspers|health,1
fail|instameetups,1
hiring|veterans,2
friends|l4l,1
cinema|poiesis,1
food|ไก่ย่าง,1
hospitality|veterans,1
accounting|longbeach,1
1mmでもいいな思ったらrt|rtした人全員お迎え,1
gokingsgo|lakings,1
branding|njdj,1
bully|love,1
bad|quiz,1
coolovernightlounge|theread,1
delljobs|hiring,1
pasqua|sevizzano,1
maui|revive,1
qatar|snooker,1
mart|üsküdar,1
interpreter|job,1
thaifood|tori,1
n7player|pistedumatingotaf,1
obra|pk1_5,1
igersmx|michoacán,1
likethis|selfie,1
aureole|sp,1
tokyo発|東京新聞,1
istanbul|turkey,1
clasico|fcblive,1
california|thankful,1
bulliesofinstagram|bully,1
pharmaceutical|surrey,1
adventure|wanderlust,1
easter|sevizzano,1
carshopping|startup,1
dont|you,1
nomenclature|nomenclaturemonday,1
anangofoto|wanderer,1
antoniopuerta|sevilla,1
archenemy|khaoslegions,1
igersmx|zirahuén,1
rankigvale|simplementetu,1
greatfoodeveryday|tq,1
octane|octanerender,1
arte|likethis,1
cherryblossom|fukuoka,1
atlanta|jobs,1
sabado|vicenzo,1
ユネッサン|箱根,1
arts_and_theatre_in_ipswich|artsandtheatre,1
flight|mumbai,1
almamaterhitam|hmjtiamikom,1
michoacán|unique,1
careerarc|job,4
cuba|havana,1
こちら特報部|東京新聞,1
10añosdeamortotal|simplementetu,1
hung|machomanmonday,2
nokia|selfie,1
itsherhouse|raw,1
love|tagsforlikes,1
amtrakvets|customerservice,1
canont5|riodejaneiro,1
beauty|repost,1
monochrome|wideangle,1
noalcierredelamañana|noalosdespidosenlamañana,1
friends|tengochingosdehambre,1
philippines|summer,1
istanbul|songünler,1
naticonlacultura|padova,1
naturelover|pasqua,1
pabebe|rt,1
backinthebay|sjsharks,1
sand|tropicalwaters,1
jamesbondisland|wavy,1
santafe|whitesands,1
ahijada|amoreterno,1
beyourownboss|itworksglobal,1
ig_africa|wanderer,1
恋がしたい|恋愛,1
bw|selfie,1
takibetakip|takipedentakipedilir,1
banking|harare,1
prewedding|surabaya,1
hakuba|travel,1
箱根|箱根湯本,1
business|marketing,1
arte|instagood,1
bw|montreal,1
customerservice|jobs,3
hiring|marketing,1
instagood|selfie,1
méxico|unique,1
anangofoto|packyourthingsandtravel,1
amd|orlando,1
彼氏|恋したい,2
ahperoelfin|latraigoatrasada,1
churchillspub|taphophile,1
chicago|musician,1
hiring|sanantonio,1
canon|tori,1
anangofoto|ig_africa,1
hiring|penang,1
aa1406|mystery,1
beatsj|gokingsgo,1
suchi|tengochingosdehambre,1
hiring|job,30
skripsi|ubaya,1
laleona|telenueve,1
beauty|cute,1
jobs|penang,1
fitness|natreningusi,1
mexico|oneyearlater,1
makeamericagreatagain|takeourcountryback,1
l4l|night,1
bestfanarmy|whatshouldido,3
lovetahiti|theislandsoftahiti,1
cali|hollywoodhills,1
felizpascua|psmla,1
mexicoandando|unique,1
audiokekinian|sj1052,1
familyfirst|familytime,1
echelon|mars,1
gsp|mackthedog,1
intel|it,1
bigapplemusicawardsbestsocialmediastar2016_kenzamorsli|kenzamorsli,2
lasvegas|myprincess,1
raqeshbapat|tbworld2016,1
curso|decam,1
ちょっとイキった|平渓線,1
vsco|vscocam,1
iostoconvale|pazzacolbotto,1
ripyams|sneezyszn,1
songünler|üsküdar,1
hung|teamgay,2
job|mechanicsburg,1
istanbul|sahil,1
outdoor|photooftheday,1
onehotscot|shattered,1
18mm55mm|errejota,1
funk|wideangle,1
italy|markets,1
easter|explosion,1
pasqua|primule,1
blue|love,1
nervion|spain,1
beauty|dccomics,1
peñ|riv,1
instagood|tagsforlikes,1
tnfjp|travel,1
fujinon|streetphotography,1
california|wildflowers,1
monochrome|musician,1
srilanka|srilankatrip,1
gosocceroos|roadtorussia,1
accountemps|longbeach,1
home|mirror,1
startup|vinny,1
beard|musclebear,1
mountain|nagano,1
obra|pk4_3,1
hiring|jobs,19
denver|hiring,1
canadianpride|webelieveyou,1
iwantedtowin|picoftheday,1
luis|sanandres,1
trump2016|vetsfortrump,1
جائزة_جدة_للمعلم_المتميز|كلنا_نقدرك,1
felizcumplezurita|hbdzurita,1
daylightsaving|pdx,1
adentan|aureole,1
sali|üsküdar,1
pabebe|selfie,1
bushfire|nswfires,1
pfm|wodhiggins,1
healthcare|hiring,4
natura|sevizzano,1
shine|word,1
sampdoria|sousa,1
agosgarcia|sabado,1
doubletap|tagsforlikes,1
montella|sousa,1
funk|streetphotography,1
altatensión|marcomaricon,1
goodmorning|sahil,1
gspofinstagram|mackthedog,1
sevillafc|spain,1
belfast|tq,1
hospitality|lubbock,1
parcel|trs,1
srilanka|srilanka2016,1
douttor|train,1
brandenburg|wittenberge,1
lombok|lombokisland,1
anangofoto|scenery,1
rt|takipkonvoyu,1
travel|wanderlust,1
aboutlastnight|homies,1
igersistanbul|istanbul,1
duvar|tünel,1
dogsofinstagram|gsp,1
bastadebrancatelli|brancatellipelotudo,1
decam|ventas,1
nature|sevizzano,1
de15|lepetitcirque,1
guerras|poiesis,1
gay|johnnyhazzard,1
instagood|tagsforlikesapp,1
fujinon|musician,1
rt|wt20,1
evangelicals|jesuschrist,1
lemmy|repost,1
localfood|tori,1
ig_africa|scenery,1
blackandwhite|montreal,1
desnhashtakeover|theread,1
intratables|laleona,1
lajosaland|respiracion,1
duvar|igersistanbul,1
businessmgmt|honolulu,1
nationalzoo|yay,1
claim|mumbai,1
gigantesdosamba|xuxanarecord,1
dogsofinstagram|mackthedog,1
anywhere|revive,1
hunk|summer,1
cali|losangeles,1
skyranch|tagaytay,1
muoviilculoeportailchihuidalvete|sempretuttobene,1
newroads|retail,1
canont5|nilphotos,1
correr|respiracion,1
classic|iwantedtowin,1
blackandwhite|wow,1
honolulu|job,1
desarmaracidade|jovens,1
beautifulday|reservoir,1
laescalera|mivotocmtv,1
bama2016platinumedition_kenzamorsli|kenzamorsli,2
fakingnews|viratvstrolls,1
food|thailand,1
cenadepascua|felizpascua,1
musician|streetphotography,1
droptower|tagaytay,1
김한빈|비아이,1
7preguntascon|venezuela,1
t1d|type1diabetes,3
goodmorning|newday,1
amavolei|vaiminas,1
ahfodtour|oimpossivelnaglobo,1
bluediamondentertainment|dj,1
ausvjor|roadtorussia,1
hmjti|hmjtiamikom,1
blessedeaster|selfiesunday,1
columbia|hiring,1
gayporn|johnnyhazzard,1
istanbuldayasam|tünel,1
anywhere|hobbstea,1
raw|wwe,3
easter|natura,1
ayoreuniakbarhmjti|hmjtiamikom,1
dragrace|newwavequeens,1
easter|nature,1
nilmatos|praiagrande,1
lmb|sultanes,1
sahil|turkey,1
นิเทศจุฬา|รับตรงจุฬา,1
itsaboy|munsellplus1,1
friends|pic,1
directionersforthewin|latetotheshow,1
healthcare|lakeport,1
job|yokohama,1
f11|jazz,1
revisionconstitutionnelle|territoiresdinfos,1
panda|roadtrip,1
funk|musician,1
instadaily|outdoor,1
hananeelkhader|حنان_حبك_تسونامي,1
ki7gili|lombok,1
archenemy|vlcc,1
hiring|lakeport,1
calais|marée,1
arete|desarmaracidade,1
jazz|monochrome,1
blessedeaster|nokia,1
adventure|jetski,1
batman|benaffleck,1
healthcare|paloalto,1
illes_balears|ma11,1
food|tori,1
恋したい|恋愛,2
hiring|jobhunt,1
fujinon|monochrome,1
もう食べれない|東堀石門子,1
gayporn|hung,2
job|longbeach,1
gayporn|hunk,2
branding|djlife,1
adentan|halo,1
instamood|picoftheday,1
mart|songünler,1
natura|naturelover,1
fckafd|nonazis,1
streetphotography|trumpet,1
igersmx|mexicoandando,1
careerarc|harare,1
nature|naturelover,1
businessmgmt|jobs,1
like|selfie,1
はやぶさこまち連結解除|盛岡駅,1
engineering|orlando,1
gagnez|quinté,1
anytime|hobbstea,1
thaifood|thailand,1
amarillo|pk1_5,1
mtl|wow,1
garupan|茨城交通,1
저스트고|한빈,1
angel|chc,1
moute|salosalut,1
billiard|snooker,1
bae|sofetch,1
ramenempire|raw,1
accounting|rapidcity,1
like|pabebe,1
matter|you,1
diabetes|diabetic,3
couplegoals|mym,1
pessoaespecial|segundafeira,1
michoacán|zirahuén,1
huhu|tuesdaypalangbeh,1
bulliesofinstagram|love,1
careerarc|hospitality,1
adventure|watersports,1
anchorsaweigh|maddiemonday,1
packyourthingsandtravel|wanderer,1
bantayan|whitesands,1
job|retail,2
igersmich|unique,1
amtrakvets|hiring,1
campeóndelsiglo|riv,1
breda|hiring,1
f11|musician,1
nokia|twittertrailer,1
itworksglobal|rubybonus,1
divasrevolution|raw,1
thaifood|ไก่ย่าง,1
newentry|sesipriboemi,1
viratkohli|viratvstrolls,1
missaobeta|missãobeta,1
srilanka2016|srilankatrip,1
imf|wowyourservice,1
gay|machomanmonday,2
iheartawards|memeablemoment,2
sevilla|sevillafc,1
hardwork|salosalut,1
maga|tonedownforwhat,1
jersey|job,1
defendants|employee,1
selfie|selfishselfie,1
amistoso|peñ,1
springbreak|washingtondc,1
filipino|ma,1
thailand|wavy,1
stopviolence|webelieveyou,1
girlush|paintwall,1
selfie|thirtysecondstomars,1
job|redlands,1
lunesdeganarseguidores|siguemeytesigo,1
恋|恋がしたい,1
kent|weather,1
instagood|picoftheday,1
hiring|paloalto,1
telenueve|vision7,1
legalizefreedom|lp2016,1
accounting|jobs,1
familytime|wearealivesitcom,1
istanbul|newday,1
harmonizers|iheartawards,2
foodtruck|spiceroad,1
nationalzoo|washingtondc,1
explosion|sevizzano,1
cinema|desarmaracidade,1
lepetitcirque|sabado,1
arraialdocabo|canont5,1
maui|refresh,1
dontchangeit|duh,1
bangkok|breakfast,1
banking|jersey,1
安保法制|安保法制廃止,1
packyourthingsandtravel|scenery,1
humor|personification,1
hardwork|vidasana,1
gowings|redwings,1
night|pic,1
ローカル|台湾,1
flight|india,1
freakymotion|octane,1
lying|prevarication,1
beard|nofilter,1
igersmich|igersmx,1
selfcare|shine,1
thesystemisbroken|victimsrights,1
aerospace|jobs,1
grateful|workinggirl,1
natura|primule,1
surigaodelsur|throwback,1
cool|mtl,1
esselatuhayrumminennevm|namazuykudanhayrdır,1
beauty|supergirlcosplay,1
nomenclaturemonday|taphophile,1
nilmatos|nilphotos,1
arte|like,1
diton|pyloxbasic,1
dccomics|repost,1
sidang|skripsi,1
benlysta|keepfighting,1
jobs|yokohama,1
likethis|tagsforlikes,1
c731|obra,1
amtrakvets|job,1
pasqua|pasquetta,1
sali|songünler,1
careerarc|jobs,3
2xmarcello|bullseyeblood,1
localfood|thailand,1
machomanmonday|teamgay,2
45s|springbreak,1
facecebutravels|throwback,1
klettbach|quiz,1
bantayan|sea,1
beatsj|lakings,1
ausvjor|gosocceroos,1
summer|teamgay,1
hiring|honolulu,1
ig_africa|packyourthingsandtravel,1
aaronmartinez|justinsanchez,1
santafe|tropical,1
like|love,1
bigconference|conferencias,1
innauguracioncds|peñarol,1
memeablemoment|taylorswiftblankspace,2
mountain|travel,1
amarillo|c731,1
bestfanarmy|iheartawards,12
filipino|transfer,1
supergirlxtheflash|yaauuss,1
cinema|guerras,1
алматы|работа,1
hiring|hyderabad,1
anywhere|refresh,1
somebodygreat|unawakeupshow,1
markforster|wittenberge,1
job|lubbock,1
kelasinspirasi|lombok,1
fatiga|respiracion,1
cagrown|california,1
dont|tho,1
rtした人全員お迎え|女の子ぜいいんrtお願いします,1
chicago|funk,1
banking|jobs,1
makeamericagreatagain|trump,1
とりあえずみんなrt|女の子ぜいいんrtお願いします,1
istanbul|mart,1
tropicalwaters|whitesands,1
illes_balears|pk1_5,1
freakymotion|octanerender,1
tnf_gravity|travel,1
explosion|naturelover,1
rtした人全員お迎え|なんやこいつ,1
السياسية|الوطنية,1
intel|marketing,1
cagrown|wildflowers,1
ข่าวช่อง8|ข่าวเด่นช่อง8,1
astros|worldseries,1
customerservice|geneva,1
humor|winelover,1
galle|srilankatravel,1
dj|lifeofadj,1
alwaystrump|maga,1
fujinon|jazz,1
legalizefreedom|libertarian,1
songünler|turkey,1
littleredwagon|wrestlemania32,1
恋|恋したい,2
misfitgarage|sillyrabbittricksareforkids,1
dctalk|thanksbernie,1
job|waimea,1
monochrome|streetphotography,1
igersmich|méxico,1
intel|madrid,1
canadianpride|thesystemisbroken,1
jobs|losangeles,2
hitthefloor|zude,1
employee|ma,1
ma|transfer,1
igersmich|michoacán,1
chicago|fujinon,1
job|penang,1
losangeles|pharmaceutical,1
roadtorussia|russia2018,1
出会い|恋したい,2
hiring|newroads,1
كلنا_نقدرك|مبادرة_مجتمعية,1
nilphotos|rj,1
asc_birthdayboy|jacksonwang,1
douttor|producttanker,1
intel|jobs,2
beach|tichi,1
love|selfie,1
arraialdocabo|nilphotos,1
bluediamondentertainment|branding,1
kidscollection|wallpaper,1
алматы|консультант,1
bullseyeblood|bully,1
gayporn|sexy,1
rawbrooklyn|wrestlemania32,1
enfamil|formulafeedings,1
duvar|ruhhalim,1
intriguingwomen|marriagesaremadeinindia,1
koblenz|silbermond,1
bluediamondentertainment|djlife,1
careerarc|jersey,1
angel|aureole,1
accountemps|job,1
np|poster,1
panda|yay,1
beard|family,1
amarillo|pk4_3,1
desarmaracidade|guerras,1
sexy|teamgay,1
blackandwhite|mtl,1
adventure|travel,1
fenerinmacivar|takibetakip,1
1mmでもいいな思ったらrt|とりあえずみんなrt,1
beachlife|mexico,1
istanbuldayasam|nofilter,1
gay|teamgay,2
incdgt|ma11,1
nationalzoo|springbreak,1
friends|night,1
instamood|photooftheday,1
canadianpride|victimsrights,1
恋|恋愛,4
trumpet|wideangle,1
benlysta|lupus,1
nswfires|nswrfs,1
denver|job,1
usmnt|ussoccer,1
bloomington|healthcare,1
doubletap|love,1
السياسية|السيستاني,1
出会い|恋がしたい,1
koblenz|nowplaying,1
agosgarcia|vicenzo,1
diton|spraypaint,1
hollywood|losangeles,1
hiring|intel,2
diabetic|t1d,3
fiorentina|sousa,1
amistoso|campeóndelsiglo,1
canon|thailand,1
newwavequeens|streetmeat,1
food|phetchabun,1
hotchicken|nashville,1
engineering|job,1
elperdedor|maluma,1
ユネッサン|箱根湯本,1
arte|doubletap,1
baby|yasmindut,1
anchorsaweigh|oldisgold,1
canont5|errejota,1
branding|lifeofadj,1
harare|job,1
kidscollection|sylloges,1
hiring|redlands,1
laleona|vision7,1
الترشيد|المياه,1
jobs|phoenix,1
night|tichi,1
alwaystrump|tonedownforwhat,1
cagrown|thankful,1
igersmich|zirahuén,1
hunk|teamgay,2
goodmorning|tuesday,1
illes_balears|pk4_3,1
iheartawards|taylorswiftblankspace,2
beautifulday|hiking,1
backinthebay|letsgosharks,1
correr|fatiga,1
dctalk|michaelwsmith,1
raw|totaldivas,2
iwantedtowin|newtwist,1
errejota|rj,1
salosalut|vidafeliç,1
ayoreuniakbarhmjti|hmjti,1
selfishselfie|twittertrailer,1
hyderabad|it,1
ausvjor|wcq,1
hung|summer,1
goodmorning|tatil,1
jobs|redlands,1
lemmy|motorheadforlife,1
healthcare|mechanicsburg,1
adentan|chc,1
bestfriend|shedeservesit,1
cinema|jovens,1
summer|tropical,1
n7player|yamato2199,1
amoreterno|queloscumplasfeliz,1
naticonlacultura|turismo,1
jobs|rapidcity,1
lovely|yasmindut,1
mountain|tnfjp,1
arete|jovens,1
riodejaneiro|rj,1
cool|montreal,1
blackandwhite|cool,1
daylightsaving|tlop,1
blessedeaster|selfishselfie,1
chc|nimbus,1
bufvsdet|hockey,1
development|formulafeedings,1
dance|dwts,1
mexicoandando|michoacán,1
berniemademewhite|thanksbernie,1
mart|sali,1
hiring|it,2
hiring|retail,2
instagood|likethis,1
bullseyeblood|love,1
pabebe|tagsforlikes,1
tacomplicado|tadificil,1
dwts|gh,1
lasvegas|loschipsen,1
latepost|ss16,1
buildthewall|putusafirst,1
repost|supergirlcosplay,1
bloomington|job,1
arraialdocabo|rj,1
arete|cinema,1
denver|legal,1
sexy|summer,1
sh|skripsi,1
djlife|njdj,1
jazz|wideangle,1
christianright|womensrights,1
cinema4d|octane,1
newentry|np,1
fujinon|trumpet,1
jazz|streetphotography,1
motorheadforlife|repost,1
takeourcountryback|votetrump,1
dccomics|supergirlcosplay,1
canon|localfood,1
galle|srilanka,1
job|lakeport,1
thailand|ไก่ย่าง,1
np|sesipriboemi,1
part2|sidang,1
jesuschrist|womensrights,1
happybirthday|peromaybasti,1
refresh|revive,1
takibetakip|takipkonvoyu,1
job|madrid,1
breda|job,1
cambridge|engineering,1
churchillspub|nomenclaturemonday,1
archenemy|douttor,1
jetski|wanderlust,1
ger|markforster,1
sali|turkey,1
pic|tichi,1
victimsrights|webelieveyou,1
amwriting|marriagesaremadeinindia,1
customerservice|delljobs,1
hospitality|jobs,1
hollywoodhills|losangeles,1
premiosjuventud|whatshouldido,3
nofilter|thankful,1
loschipsen|myprincess,1
christianright|evangelicals,1
newday|tatil,1
nationalzoo|panda,1
sahil|üsküdar,1
chicago|f11,1
johnnyhazzard|teamgay,1
birmingham|veterans,1
l4l|pic,1
温泉|箱根,1
aussiebbbum|ttuesday,1
c731|incdgt,1
campeóndelsiglo|peñ,1
chicago|streetphotography,1
jouez|quinté,1
felizlunes|geek,1
lepetitcirque|vicenzo,1
roadtrip|yay,1
brandenburg|markforster,1
backinthebay|hockey,1
banking|hiring,2
brentwood|jobs,1
arraialdocabo|praiagrande,1
srilanka|travel,1
chicago|trumpet,1
45s|mom,1
healthcare|job,4
development|infant,1
السيستاني|الوطنية,1
продавец|работа,1
aureole|chc,1
curso|ventas,1
lafoto|venezuela,1
gay|gayporn,2
ローカル|卒業旅行,1
arete|poiesis,1
montreal|mtl,1
nilphotos|riodejaneiro,1
igersmx|unique,1
kelasinspirasi|lombokisland,1
job|newroads,1
part2|sh,1
diva|wrestlemania32,1
bulliesofinstagram|bullseyeblood,1
5sosfam|iheartawards,1
lospiletones|lunesintratables,1
machomanmonday|sexy,1
비아이|한빈,1
ちょっとイキった|台湾,1
hiring|jersey,1
hiring|phoenix,2
sh|sidang,1
beach|l4l,1
aerospace|job,1
atlanta|job,1
blackfoot|memorial,1
beard|natural,1
phetchabun|thailand,1
nowplaying|silbermond,1
michaelcole|wrestlemania32,1
montreal|selfie,1
likethis|rt,1
bufvsdet|pushfortheplayoffs,1
chicago|wideangle,1
duvar|istanbuldayasam,1
errejota|praiagrande,1
pyloxbasic|spraypaint,1
adentan|nimbus,1
gedungptpn|surabaya,1
panda|washingtondc,1
buildthewall|takeourcountryback,1
méxico|puebla,1
sand|santafe,1
indonesia|ki7gili,1
littleredwagon|raw,1
卒業旅行|平渓線,1
imtotallywithher|tonedownforwhat,1
hardwork|vidafeliç,1
imtotallywithher|imwithher,1
reproductiverights|womensrights,1
f11|funk,1
istanbul|nofilter,1
almamaterhitam|ayoreuniakbarhmjti,1
california|nofilter,1
goodmorning|mart,1
taxi|uber,1
hiring|pune,1
hiring|legal,1
naturelover|sevizzano,1
国会前|安保法制,1
bw|wow,1
photooftheday|picoftheday,1
loschipsen|repost,1
hiring|physician,1
intratables|losricosnopidenpermiso,1
atlanta|hiring,1
russia2018|wcq,1
gayporn|machomanmonday,2
home|thirtysecondstomars,1
job|medford,1
matter|tho,1
bestfanarmy|directioners,5
badandblonde|raw,1
turkey|üsküdar,1
cambridge|veterans,1
hunk|johnnyhazzard,1
45s|motownonmondays,1
hiring|medford,1
goodmorning|turkey,1
funk|monochrome,1
musician|trumpet,1
localfood|thaifood,1
morethanvisibility|trans,1
delljobs|geneva,1
got7_asc|jacksonwang,1
michaelwsmith|thanksbernie,1
love|pabebe,1
angel|nimbus,1
missãobeta|missãobetalab,1
instagood|love,2
losricosnopidenpermiso|vision7,1
cute|dccomics,1
tatil|üsküdar,1
japan|tnf_gravity,1
c4d|octanerender,1
vidafeliç|vidasana,1
bodyisatemple|shine,1
ahijada|queloscumplasfeliz,1
srilanka2016|travel,1
sand|tropical,1
birmingham|hospitality,1
ciudadjardin|nervion,1
terrible|usmnt,1
job|marketing,1
gedungptpn|prewedding,1
beard|familia,1
canont5|praiagrande,1
myprincess|repost,1
dwts|promotewhatyoulove,1
aerospace|hiring,1
igersistanbul|tünel,1
anytime|refresh,1
love|tagsforlikesapp,1
newday|üsküdar,1
classic|picoftheday,1
비아이|저스트고,1
maddiemonday|oldisgold,1
pistedumatingotaf|yamato2199,1
hung|johnnyhazzard,1
virat|viratkohli,1
duvar|nofilter,1
columbia|jobs,1
baby|lovely,1
legaltrapnigga|stickingtothescripttillthesceneswitch,1
gogolfbigbang|gogolffi,1
geneva|job,1
great|littleshit,1
employee|transfer,1
جائزة_جدة_للمعلم_المتميز|جدة,1
bantayan|tropicalwaters,1
mart|newday,1
motownonmondays|springbreak,1
belfast|greatfoodeveryday,1
babycute|yasmindut,1
appressocoffeehouse|latte,1
batmanvsuperman|supergirlxtheflash,1
2xmarcello|love,1
mexicoandando|méxico,1
antoniopuerta|sevillafc,1
wanderlust|watercraft,1
summer|summerstories,1
diabetic|type1diabetes,3
newday|turkey,1
dogsofinstagram|gspofinstagram,1
instagood|outdoor,1
takipedentakipedilir|takipkonvoyu,1
bushfire|nswrfs,1
nagano|tnfjp,1
aldubstorycontinues|cornercollabs,1
de15|sabado,1
explosion|pasquetta,1
elevationuptown|mcm,1
bestfanarmy|harmonizers,2
gay|sexy,1
delljobs|job,1
explosion|primule,1
job|pharmaceutical,2
fiorentina|montella,1
food|thaifood,1
彼氏いません|恋,1
iheartawards|lovatics,3
pessoaespecial|vivalavida,1
tnf_gravity|tnfjp,1
srilankatrip|travel,1
selfie|wow,1
srilankatravel|travel,1
coachgaspers|fitness,1
likethis|love,1
formulafeedings|infant,1
empresarios|ventas,1
canont5|nilmatos,1
blackandwhite|bw,1
brentwood|hospitality,1
machomanmonday|summer,1
pasquetta|primule,1
gayporn|teamgay,2
igersistanbul|ruhhalim,1
instadaily|instamood,1
c4d|freakymotion,1
nokia|selfishselfie,1
18mm55mm|praiagrande,1
india|mumbai,1
srilanka2016|srilankatravel,1
feelingmyself|sofetch,1
panda|springbreak,1
jazz|trumpet,1
bae|feelingmyself,1
it|jobs,2
banking|careerarc,2
blindedbythelight|literally,1
friends|tichi,1
f11|streetphotography,1
putusafirst|trump,1
np|unawakeupshow,1
madrid|marketing,1
hiring|mechanicsburg,1
18mm55mm|nilphotos,1
gosocceroos|russia2018,1
newtwist|picoftheday,1
gosocceroos|wcq,1
igersmx|méxico,1
defendants|filipino,1
cambridge|hiring,1
businessmgmt|hiring,1
diabetes|t1d,3
amarillo|ma11,1
tropical|tropicalwaters,1
fenerinmacivar|rt,1
arraialdocabo|nilmatos,1
makeamericagreatagain|votetrump,1
careerarc|hyderabad,1
phuket|thailand,1
blessedeaster|twittertrailer,1
ちょっとイキった|卒業旅行,1
amd|jobs,1
batman|batmanvsuperman,1
gsp|gspofinstagram,1
geek|podcast,1
like|share,1
brandenburg|nowplaying,1
aureole|nimbus,1
iwantedtowin|nice,1
canadianpride|stopviolence,1
producttanker|train,1
36days_a|marioclavasquin,1
安保法制廃止|安保法案,1
mountain|tnf,1
facilitiesmgmt|hiring,1
monochrome|trumpet,1
libertarian|lp2016,1
amd|engineering,1
jobs|paloalto,1
agosgarcia|de15,1
f11|monochrome,1
gayporn|summer,1
geneva|hiring,1
funk|jazz,1
johnnyhazzard|summer,1
moonmtnfire|nmfire,1
elevationstudios|surabaya,1
washingtondc|yay,1
なんやこいつ|女の子ぜいいんrtお願いします,1
food|localfood,1
instagood|rt,1
antoniopuerta|ciudadjardin,1
columbia|retail,1
brentwood|careerarc,1
18mm55mm|canont5,1
hiring|surrey,1
aquaman|comics,1
tatil|turkey,1
audiokekinian|ok,1
amerikandreamin|legaltrapnigga,1
nilmatos|riodejaneiro,1
engineering|jobs,1
nice|picoftheday,1
консультант|работа,1
incdgt|obra,2
mirror|thirtysecondstomars,1
ciudadjardin|spain,1
igersmich|mexicoandando,1
hockey|sjsharks,1
babyemmy|enfamil,1
atlanta|customerservice,1
newentry|poster,1
physician|redlands,1
claim|flight,1
blessedeaster|selfie,1
chc|sp,1
nilmatos|rj,1
customerservice|interpreter,1
fujinon|wideangle,1
sevilla|spain,1
ceilingseries|girlush,1
bestfanarmy|glamberts,1
instagood|instamood,1
babyemmy|development,1
khaoslegions|vlcc,1
de15|vicenzo,1
beatla|sjsharks,1
newday|sahil,1
part2|skripsi,1
nagano|travel,1
decam|empresarios,1
covers|theread,1
nofilter|ruhhalim,1
doubletap|pabebe,1
hakuba|tnfjp,1
sh|ubaya,1
babyemmy|formulafeedings,1
hung|sexy,1
doubletap|likethis,1
c731|illes_balears,1
engineering|hiring,2
roadtorussia|wcq,1
brentwood|hiring,1
antoniopuerta|spain,1
banking|job,2
felizlunes|podcast,1
santafe|sea,1
istanbul|sali,1
台湾|平渓線,1
hockey|pushfortheplayoffs,1
istanbul|ruhhalim,1
brunswick|job,1
c4d|cinema4d,1
hiring|pharmaceutical,2
sidang|ubaya,1
nowplaying|wittenberge,1
japan|travel,1
like|tagsforlikes,1
natura|pasquetta,1
industry|latraffic,1
raw|rawbrooklyn,3
大洗|茨城交通,1
rtした人全員お迎え|とりあえずみんなrt,1
adducity|hithdhoo,1
claim|india,1
peñarol|river,1
ger|wittenberge,1
hakuba|tnf,1
nofilter|tünel,1
littleredwagon|rawbrooklyn,1
adventure|watercraft,1
brentwood|job,1
tho|you,1
18mm55mm|arraialdocabo,1
nagano|tnf_gravity,1
chc|halo,1
東堀石門子|超肉ワンタン麺,1
ciudadjardin|sevilla,1
blue|bullseyeblood,1
arraialdocabo|errejota,1
arte|tagsforlikes,1
evangelicals|womensrights,1
istanbuldayasam|ruhhalim,1
3daysbeforedanielsbirthmonth|kathrynbernardoonpeptalk,1
goodmorning|songünler,1
churchillspub|nomenclature,1
العراق|بغداد,1
beatla|letsgosharks,1
السيستاني|الصرخي,1
everydaycuba|havana,1
jetski|watercraft,1
ceilingseries|paintwall,1
fenerinmacivar|takipedentakipedilir,1
beliebers|sofantastic,1
delljobs|jobs,1
p3kpagi|sj1052,1
indonesia|lombokisland,1
naturelover|primule,1
amd|job,1
accounting|medford,1
instadaily|instagood,1
hyderabad|job,1
fenerinmacivar|takipkonvoyu,1
nature|pasqua,1
bangkok|food,1
droptower|skyranch,1
18mm55mm|riodejaneiro,1
doubletap|instagood,1
angel|halo,1
nervion|sevillafc,1
cagrown|nofilter,1
imwithher|tonedownforwhat,1
job|losangeles,2
disneyland|ワンスあたり,1
rt|takipedentakipedilir,1
douttor|khaoslegions,1
méxico|zirahuén,1
thankful|wildflowers,1
canadiancarculture|thesystemisbroken,1
build2016|sanfrancisco,1
anywhere|maui,1
18mm55mm|nilmatos,1
classic|nice,1
avize|aydinlatma,1
hiring|rapidcity,1
beach|night,1
healthcare|jobs,2
lifeofadj|njdj,1
instamood|outdoor,1
jobs|retail,2
ramenempire|wwe,1
hiring|losangeles,1
もう食べれない|超肉ワンタン麺,1
3rd|periscopepeep,1
curso|empresarios,1
bantayan|tropical,1
almamaterhitam|hmjti,1
mirror|selfie,1
vsco|vscoph,1
personification|winelover,1
beachlife|oneyearlater,1
baby|babycute,1
sand|sea,1
duvar|istanbul,1
instadaily|picoftheday,1
bluediamondentertainment|lifeofadj,1
correr|lajosaland,1
stopviolence|thesystemisbroken,1
f11|trumpet,1
김한빈|한빈,1
missaobeta|missãobetalab,1
buildthewall|votetrump,1
archenemy|train,1
amarillo|illes_balears,2
job|phoenix,2
hakuba|nagano,1
oimpossível|telaquente,1
guerras|jovens,1
facilitiesmgmt|jobhunt,1
nagano|tnf,1
bestfanarmy|premiosjuventud,3
1mmでもいいな思ったらrt|女の子ぜいいんrtお願いします,1
mce|myboy,1
hobbstea|revive,1
love|rt,1
giddy|springtraining,1
intel|job,2
sahil|sali,1
jazz|musician,1
arte|rt,1
bantayan|sand,1
friendshipgoals|goals,1
projectbeyond|theislandsoftahiti,1
jobhunt|sanantonio,1
newday|songünler,1
sea|whitesands,1
pasquetta|sevizzano,1
aureole|halo,1
cute|supergirlcosplay,1
彼氏|恋,4
jobs|physician,1
likethis|pabebe,1
lasvegas|repost,1
christianright|reproductiverights,1
bluediamondentertainment|njdj,1
me|tagsforlikesapp,1
careerarc|it,1
breakfast|food,1
wrestlemania|wrestlemania32,1
interpreter|losangeles,1
doubletap|selfie,1
babycute|lovely,1
gh|promotewhatyoulove,1
الترشيد|السعودية,1
gh|julexis,1
losricosnopidenpermiso|telenueve,1
hunk|machomanmonday,2
natura|pasqua,1
funk|trumpet,1
incdgt|pk4_3,1
wrestlemania|wweraw,1
explosion|nature,1
laleona|losricosnopidenpermiso,1
christianright|jesuschrist,1
like|rt,1
explosion|natura,1
djlife|lifeofadj,1
montella|sampdoria,1
beyourownboss|rubybonus,1
laughter|mars,1
nature|pasquetta,1
geneva|jobs,1
accountemps|accounting,1
indonesia|kelasinspirasi,1
thesystemisbroken|webelieveyou,1
naturelover|pasquetta,1
nofilter|wildflowers,1
easter|pasquetta,1
honolulu|jobs,1
japan|nagano,1
harare|hiring,1
arbonnewarrior|aussiebbbum,1
gay|hunk,2
1mmでもいいな思ったらrt|なんやこいつ,1
galle|travel,1
gay|hung,2
fakingnews|viratkohli,1
elevationstudios|prewedding,1
friends|suchi,1
ki7gili|lombokisland,1
slangs|sofunny,1
photography|springtime,1
audiokekinian|p3kpagi,1
amistoso|riv,1
engineering|veterans,1
japan|mountain,1
morethanvisibility|tdov,1
health|natreningusi,1
unique|zirahuén,1
lgrw|playoffpush,1
hakuba|japan,1
cool|selfie,1
emmalution|raw,1
جدة|كلنا_نقدرك,1
hollywood|la,1
tahitivr|theislandsoftahiti,1
hardwork|moute,1
tnf|tnfjp,1
amtrakvets|jobs,1
directioners|iheartawards,5
songünler|tatil,1
douttor|vlcc,1
cinema4d|octanerender,1
collage|semester,1
盛岡駅|鉄ちゃんに混ざって撮影,1
family|musclebear,1
aerospace|phoenix,1
jamesbondisland|phuket,1
coachgaspers|natreningusi,1
halo|sp,1
igersistanbul|nofilter,1
arte|love,1
selfcare|word,1
catchingup|leftymagic,1
instagood|me,1
mart|turkey,1
birthdaytpk|lesstroud,1
jobs|marketing,1
mainemendoza|tbworld2016,1
mtl|selfie,1
endalz|memoriesmatter,2
温泉|箱根湯本,1
natural|nofilter,1
beach|pic,1
musician|wideangle,1
love|me,1
berniemademewhite|dctalk,1
adentan|angel,1
sunshineparty2016|เรื่องกินขอให้บอก,1
nilphotos|praiagrande,1
chicagofire|chicagomed,1
istanbul|üsküdar,1
berniemademewhite|michaelwsmith,1
adentan|sp,1
photography|sp4sp,1
canon|phetchabun,1
jetski|watersports,1
instagood|photooftheday,1
fitness|health,1
ok|sj1052,1
diabetes|type1diabetes,3
buildthewall|makeamericagreatagain,1
mart|tatil,1
vscocam|vscoph,1
halo|nimbus,1
chicago|jazz,1
bloomington|hiring,1
ma11|obra,1
jesuschrist|reproductiverights,1
18mm55mm|rj,1
innauguracioncds|river,2
customerservice|hiring,2
ciudadjardin|sevillafc,1
primule|sevizzano,1
moute|vidasana,1
nokia|selfiesunday,1
hiring|hospitality,3
outdoor|picoftheday,1
nikeplus|runwashington,1
directionersforthewin|wewantonedirectiondead,1
安保法制|安保法案,1
ちょっとイキった|ローカル,1
ausvjor|russia2018,1
customerservice|losangeles,1
job|surrey,1
food|lima,1
jobs|pharmaceutical,1
彼氏いません|恋愛,1
sand|whitesands,1
careerarc|hiring,4
tokyo発|こちら特報部,1
like|likethis,1
putusafirst|takeourcountryback,1
brandenburg|ger,1
batmanvsuperman|benaffleck,1
卒業旅行|台湾,1
jamesbondisland|thailand,1
praiagrande|rj,1
2xmarcello|bully,1
defendants|ma,1
canadiancarculture|webelieveyou,1
osteopatiaprofessionesanitaria|osteopatiriconosciuti,1
makeamericagreatagain|putusafirst,2
mountain|tnf_gravity,1
phuket|wavy,1
summerstories|tropical,1
arte|selfie,1
fujinon|funk,1
la|losangeles,1
